{
  "project_info": {
    "project_number": "97782541256",
    "project_id": "grocerry-3b9e3",
    "storage_bucket": "grocerry-3b9e3.firebasestorage.app"
  },
  "client": [
    {
      "client_info": {
        "mobilesdk_app_id": "1:97782541256:android:7871ce84e07cc9f6006efd",
        "android_client_info": {
          "package_name": "com.example.flutter_application_1"
        }
      },
      "oauth_client": [],
      "api_key": [
        {
          "current_key": "AIzaSyAhNmvLnewLN8yBy_ONnIm43mcWbddU_hQ"
        }
      ],
      "services": {
        "appinvite_service": {
          "other_platform_oauth_client": []
        }
      }
    }
  ],
  "configuration_version": "1"
}